,filenames,labels
0,A,Acne and Rosacea Photos
1,c,Acne and Rosacea Photos
2,n,Acne and Rosacea Photos
3,e,Acne and Rosacea Photos
4, ,Acne and Rosacea Photos
5,a,Acne and Rosacea Photos
6,n,Acne and Rosacea Photos
7,d,Acne and Rosacea Photos
8, ,Acne and Rosacea Photos
9,R,Acne and Rosacea Photos
10,o,Acne and Rosacea Photos
11,s,Acne and Rosacea Photos
12,a,Acne and Rosacea Photos
13,c,Acne and Rosacea Photos
14,e,Acne and Rosacea Photos
15,a,Acne and Rosacea Photos
16, ,Acne and Rosacea Photos
17,P,Acne and Rosacea Photos
18,h,Acne and Rosacea Photos
19,o,Acne and Rosacea Photos
20,t,Acne and Rosacea Photos
21,o,Acne and Rosacea Photos
22,s,Acne and Rosacea Photos
23,A,Actinic Keratosis Basal Cell Carcinoma and other Malignant Lesions
24,c,Actinic Keratosis Basal Cell Carcinoma and other Malignant Lesions
25,t,Actinic Keratosis Basal Cell Carcinoma and other Malignant Lesions
26,i,Actinic Keratosis Basal Cell Carcinoma and other Malignant Lesions
27,n,Actinic Keratosis Basal Cell Carcinoma and other Malignant Lesions
28,i,Actinic Keratosis Basal Cell Carcinoma and other Malignant Lesions
29,c,Actinic Keratosis Basal Cell Carcinoma and other Malignant Lesions
30, ,Actinic Keratosis Basal Cell Carcinoma and other Malignant Lesions
31,K,Actinic Keratosis Basal Cell Carcinoma and other Malignant Lesions
32,e,Actinic Keratosis Basal Cell Carcinoma and other Malignant Lesions
33,r,Actinic Keratosis Basal Cell Carcinoma and other Malignant Lesions
34,a,Actinic Keratosis Basal Cell Carcinoma and other Malignant Lesions
35,t,Actinic Keratosis Basal Cell Carcinoma and other Malignant Lesions
36,o,Actinic Keratosis Basal Cell Carcinoma and other Malignant Lesions
37,s,Actinic Keratosis Basal Cell Carcinoma and other Malignant Lesions
38,i,Actinic Keratosis Basal Cell Carcinoma and other Malignant Lesions
39,s,Actinic Keratosis Basal Cell Carcinoma and other Malignant Lesions
40, ,Actinic Keratosis Basal Cell Carcinoma and other Malignant Lesions
41,B,Actinic Keratosis Basal Cell Carcinoma and other Malignant Lesions
42,a,Actinic Keratosis Basal Cell Carcinoma and other Malignant Lesions
43,s,Actinic Keratosis Basal Cell Carcinoma and other Malignant Lesions
44,a,Actinic Keratosis Basal Cell Carcinoma and other Malignant Lesions
45,l,Actinic Keratosis Basal Cell Carcinoma and other Malignant Lesions
46, ,Actinic Keratosis Basal Cell Carcinoma and other Malignant Lesions
47,C,Actinic Keratosis Basal Cell Carcinoma and other Malignant Lesions
48,e,Actinic Keratosis Basal Cell Carcinoma and other Malignant Lesions
49,l,Actinic Keratosis Basal Cell Carcinoma and other Malignant Lesions
50,l,Actinic Keratosis Basal Cell Carcinoma and other Malignant Lesions
51, ,Actinic Keratosis Basal Cell Carcinoma and other Malignant Lesions
52,C,Actinic Keratosis Basal Cell Carcinoma and other Malignant Lesions
53,a,Actinic Keratosis Basal Cell Carcinoma and other Malignant Lesions
54,r,Actinic Keratosis Basal Cell Carcinoma and other Malignant Lesions
55,c,Actinic Keratosis Basal Cell Carcinoma and other Malignant Lesions
56,i,Actinic Keratosis Basal Cell Carcinoma and other Malignant Lesions
57,n,Actinic Keratosis Basal Cell Carcinoma and other Malignant Lesions
58,o,Actinic Keratosis Basal Cell Carcinoma and other Malignant Lesions
59,m,Actinic Keratosis Basal Cell Carcinoma and other Malignant Lesions
60,a,Actinic Keratosis Basal Cell Carcinoma and other Malignant Lesions
61, ,Actinic Keratosis Basal Cell Carcinoma and other Malignant Lesions
62,a,Actinic Keratosis Basal Cell Carcinoma and other Malignant Lesions
63,n,Actinic Keratosis Basal Cell Carcinoma and other Malignant Lesions
64,d,Actinic Keratosis Basal Cell Carcinoma and other Malignant Lesions
65, ,Actinic Keratosis Basal Cell Carcinoma and other Malignant Lesions
66,o,Actinic Keratosis Basal Cell Carcinoma and other Malignant Lesions
67,t,Actinic Keratosis Basal Cell Carcinoma and other Malignant Lesions
68,h,Actinic Keratosis Basal Cell Carcinoma and other Malignant Lesions
69,e,Actinic Keratosis Basal Cell Carcinoma and other Malignant Lesions
70,r,Actinic Keratosis Basal Cell Carcinoma and other Malignant Lesions
71, ,Actinic Keratosis Basal Cell Carcinoma and other Malignant Lesions
72,M,Actinic Keratosis Basal Cell Carcinoma and other Malignant Lesions
73,a,Actinic Keratosis Basal Cell Carcinoma and other Malignant Lesions
74,l,Actinic Keratosis Basal Cell Carcinoma and other Malignant Lesions
75,i,Actinic Keratosis Basal Cell Carcinoma and other Malignant Lesions
76,g,Actinic Keratosis Basal Cell Carcinoma and other Malignant Lesions
77,n,Actinic Keratosis Basal Cell Carcinoma and other Malignant Lesions
78,a,Actinic Keratosis Basal Cell Carcinoma and other Malignant Lesions
79,n,Actinic Keratosis Basal Cell Carcinoma and other Malignant Lesions
80,t,Actinic Keratosis Basal Cell Carcinoma and other Malignant Lesions
81, ,Actinic Keratosis Basal Cell Carcinoma and other Malignant Lesions
82,L,Actinic Keratosis Basal Cell Carcinoma and other Malignant Lesions
83,e,Actinic Keratosis Basal Cell Carcinoma and other Malignant Lesions
84,s,Actinic Keratosis Basal Cell Carcinoma and other Malignant Lesions
85,i,Actinic Keratosis Basal Cell Carcinoma and other Malignant Lesions
86,o,Actinic Keratosis Basal Cell Carcinoma and other Malignant Lesions
87,n,Actinic Keratosis Basal Cell Carcinoma and other Malignant Lesions
88,s,Actinic Keratosis Basal Cell Carcinoma and other Malignant Lesions
89,A,Atopic Dermatitis Photos
90,t,Atopic Dermatitis Photos
91,o,Atopic Dermatitis Photos
92,p,Atopic Dermatitis Photos
93,i,Atopic Dermatitis Photos
94,c,Atopic Dermatitis Photos
95, ,Atopic Dermatitis Photos
96,D,Atopic Dermatitis Photos
97,e,Atopic Dermatitis Photos
98,r,Atopic Dermatitis Photos
99,m,Atopic Dermatitis Photos
100,a,Atopic Dermatitis Photos
101,t,Atopic Dermatitis Photos
102,i,Atopic Dermatitis Photos
103,t,Atopic Dermatitis Photos
104,i,Atopic Dermatitis Photos
105,s,Atopic Dermatitis Photos
106, ,Atopic Dermatitis Photos
107,P,Atopic Dermatitis Photos
108,h,Atopic Dermatitis Photos
109,o,Atopic Dermatitis Photos
110,t,Atopic Dermatitis Photos
111,o,Atopic Dermatitis Photos
112,s,Atopic Dermatitis Photos
113,B,Bullous Disease Photos
114,u,Bullous Disease Photos
115,l,Bullous Disease Photos
116,l,Bullous Disease Photos
117,o,Bullous Disease Photos
118,u,Bullous Disease Photos
119,s,Bullous Disease Photos
120, ,Bullous Disease Photos
121,D,Bullous Disease Photos
122,i,Bullous Disease Photos
123,s,Bullous Disease Photos
124,e,Bullous Disease Photos
125,a,Bullous Disease Photos
126,s,Bullous Disease Photos
127,e,Bullous Disease Photos
128, ,Bullous Disease Photos
129,P,Bullous Disease Photos
130,h,Bullous Disease Photos
131,o,Bullous Disease Photos
132,t,Bullous Disease Photos
133,o,Bullous Disease Photos
134,s,Bullous Disease Photos
135,C,Cellulitis Impetigo and other Bacterial Infections
136,e,Cellulitis Impetigo and other Bacterial Infections
137,l,Cellulitis Impetigo and other Bacterial Infections
138,l,Cellulitis Impetigo and other Bacterial Infections
139,u,Cellulitis Impetigo and other Bacterial Infections
140,l,Cellulitis Impetigo and other Bacterial Infections
141,i,Cellulitis Impetigo and other Bacterial Infections
142,t,Cellulitis Impetigo and other Bacterial Infections
143,i,Cellulitis Impetigo and other Bacterial Infections
144,s,Cellulitis Impetigo and other Bacterial Infections
145, ,Cellulitis Impetigo and other Bacterial Infections
146,I,Cellulitis Impetigo and other Bacterial Infections
147,m,Cellulitis Impetigo and other Bacterial Infections
148,p,Cellulitis Impetigo and other Bacterial Infections
149,e,Cellulitis Impetigo and other Bacterial Infections
150,t,Cellulitis Impetigo and other Bacterial Infections
151,i,Cellulitis Impetigo and other Bacterial Infections
152,g,Cellulitis Impetigo and other Bacterial Infections
153,o,Cellulitis Impetigo and other Bacterial Infections
154, ,Cellulitis Impetigo and other Bacterial Infections
155,a,Cellulitis Impetigo and other Bacterial Infections
156,n,Cellulitis Impetigo and other Bacterial Infections
157,d,Cellulitis Impetigo and other Bacterial Infections
158, ,Cellulitis Impetigo and other Bacterial Infections
159,o,Cellulitis Impetigo and other Bacterial Infections
160,t,Cellulitis Impetigo and other Bacterial Infections
161,h,Cellulitis Impetigo and other Bacterial Infections
162,e,Cellulitis Impetigo and other Bacterial Infections
163,r,Cellulitis Impetigo and other Bacterial Infections
164, ,Cellulitis Impetigo and other Bacterial Infections
165,B,Cellulitis Impetigo and other Bacterial Infections
166,a,Cellulitis Impetigo and other Bacterial Infections
167,c,Cellulitis Impetigo and other Bacterial Infections
168,t,Cellulitis Impetigo and other Bacterial Infections
169,e,Cellulitis Impetigo and other Bacterial Infections
170,r,Cellulitis Impetigo and other Bacterial Infections
171,i,Cellulitis Impetigo and other Bacterial Infections
172,a,Cellulitis Impetigo and other Bacterial Infections
173,l,Cellulitis Impetigo and other Bacterial Infections
174, ,Cellulitis Impetigo and other Bacterial Infections
175,I,Cellulitis Impetigo and other Bacterial Infections
176,n,Cellulitis Impetigo and other Bacterial Infections
177,f,Cellulitis Impetigo and other Bacterial Infections
178,e,Cellulitis Impetigo and other Bacterial Infections
179,c,Cellulitis Impetigo and other Bacterial Infections
180,t,Cellulitis Impetigo and other Bacterial Infections
181,i,Cellulitis Impetigo and other Bacterial Infections
182,o,Cellulitis Impetigo and other Bacterial Infections
183,n,Cellulitis Impetigo and other Bacterial Infections
184,s,Cellulitis Impetigo and other Bacterial Infections
185,E,Eczema Photos
186,c,Eczema Photos
187,z,Eczema Photos
188,e,Eczema Photos
189,m,Eczema Photos
190,a,Eczema Photos
191, ,Eczema Photos
192,P,Eczema Photos
193,h,Eczema Photos
194,o,Eczema Photos
195,t,Eczema Photos
196,o,Eczema Photos
197,s,Eczema Photos
198,E,Exanthems and Drug Eruptions
199,x,Exanthems and Drug Eruptions
200,a,Exanthems and Drug Eruptions
201,n,Exanthems and Drug Eruptions
202,t,Exanthems and Drug Eruptions
203,h,Exanthems and Drug Eruptions
204,e,Exanthems and Drug Eruptions
205,m,Exanthems and Drug Eruptions
206,s,Exanthems and Drug Eruptions
207, ,Exanthems and Drug Eruptions
208,a,Exanthems and Drug Eruptions
209,n,Exanthems and Drug Eruptions
210,d,Exanthems and Drug Eruptions
211, ,Exanthems and Drug Eruptions
212,D,Exanthems and Drug Eruptions
213,r,Exanthems and Drug Eruptions
214,u,Exanthems and Drug Eruptions
215,g,Exanthems and Drug Eruptions
216, ,Exanthems and Drug Eruptions
217,E,Exanthems and Drug Eruptions
218,r,Exanthems and Drug Eruptions
219,u,Exanthems and Drug Eruptions
220,p,Exanthems and Drug Eruptions
221,t,Exanthems and Drug Eruptions
222,i,Exanthems and Drug Eruptions
223,o,Exanthems and Drug Eruptions
224,n,Exanthems and Drug Eruptions
225,s,Exanthems and Drug Eruptions
226,H,Hair Loss Photos Alopecia and other Hair Diseases
227,a,Hair Loss Photos Alopecia and other Hair Diseases
228,i,Hair Loss Photos Alopecia and other Hair Diseases
229,r,Hair Loss Photos Alopecia and other Hair Diseases
230, ,Hair Loss Photos Alopecia and other Hair Diseases
231,L,Hair Loss Photos Alopecia and other Hair Diseases
232,o,Hair Loss Photos Alopecia and other Hair Diseases
233,s,Hair Loss Photos Alopecia and other Hair Diseases
234,s,Hair Loss Photos Alopecia and other Hair Diseases
235, ,Hair Loss Photos Alopecia and other Hair Diseases
236,P,Hair Loss Photos Alopecia and other Hair Diseases
237,h,Hair Loss Photos Alopecia and other Hair Diseases
238,o,Hair Loss Photos Alopecia and other Hair Diseases
239,t,Hair Loss Photos Alopecia and other Hair Diseases
240,o,Hair Loss Photos Alopecia and other Hair Diseases
241,s,Hair Loss Photos Alopecia and other Hair Diseases
242, ,Hair Loss Photos Alopecia and other Hair Diseases
243,A,Hair Loss Photos Alopecia and other Hair Diseases
244,l,Hair Loss Photos Alopecia and other Hair Diseases
245,o,Hair Loss Photos Alopecia and other Hair Diseases
246,p,Hair Loss Photos Alopecia and other Hair Diseases
247,e,Hair Loss Photos Alopecia and other Hair Diseases
248,c,Hair Loss Photos Alopecia and other Hair Diseases
249,i,Hair Loss Photos Alopecia and other Hair Diseases
250,a,Hair Loss Photos Alopecia and other Hair Diseases
251, ,Hair Loss Photos Alopecia and other Hair Diseases
252,a,Hair Loss Photos Alopecia and other Hair Diseases
253,n,Hair Loss Photos Alopecia and other Hair Diseases
254,d,Hair Loss Photos Alopecia and other Hair Diseases
255, ,Hair Loss Photos Alopecia and other Hair Diseases
256,o,Hair Loss Photos Alopecia and other Hair Diseases
257,t,Hair Loss Photos Alopecia and other Hair Diseases
258,h,Hair Loss Photos Alopecia and other Hair Diseases
259,e,Hair Loss Photos Alopecia and other Hair Diseases
260,r,Hair Loss Photos Alopecia and other Hair Diseases
261, ,Hair Loss Photos Alopecia and other Hair Diseases
262,H,Hair Loss Photos Alopecia and other Hair Diseases
263,a,Hair Loss Photos Alopecia and other Hair Diseases
264,i,Hair Loss Photos Alopecia and other Hair Diseases
265,r,Hair Loss Photos Alopecia and other Hair Diseases
266, ,Hair Loss Photos Alopecia and other Hair Diseases
267,D,Hair Loss Photos Alopecia and other Hair Diseases
268,i,Hair Loss Photos Alopecia and other Hair Diseases
269,s,Hair Loss Photos Alopecia and other Hair Diseases
270,e,Hair Loss Photos Alopecia and other Hair Diseases
271,a,Hair Loss Photos Alopecia and other Hair Diseases
272,s,Hair Loss Photos Alopecia and other Hair Diseases
273,e,Hair Loss Photos Alopecia and other Hair Diseases
274,s,Hair Loss Photos Alopecia and other Hair Diseases
275,H,Herpes HPV and other STDs Photos
276,e,Herpes HPV and other STDs Photos
277,r,Herpes HPV and other STDs Photos
278,p,Herpes HPV and other STDs Photos
279,e,Herpes HPV and other STDs Photos
280,s,Herpes HPV and other STDs Photos
281, ,Herpes HPV and other STDs Photos
282,H,Herpes HPV and other STDs Photos
283,P,Herpes HPV and other STDs Photos
284,V,Herpes HPV and other STDs Photos
285, ,Herpes HPV and other STDs Photos
286,a,Herpes HPV and other STDs Photos
287,n,Herpes HPV and other STDs Photos
288,d,Herpes HPV and other STDs Photos
289, ,Herpes HPV and other STDs Photos
290,o,Herpes HPV and other STDs Photos
291,t,Herpes HPV and other STDs Photos
292,h,Herpes HPV and other STDs Photos
293,e,Herpes HPV and other STDs Photos
294,r,Herpes HPV and other STDs Photos
295, ,Herpes HPV and other STDs Photos
296,S,Herpes HPV and other STDs Photos
297,T,Herpes HPV and other STDs Photos
298,D,Herpes HPV and other STDs Photos
299,s,Herpes HPV and other STDs Photos
300, ,Herpes HPV and other STDs Photos
301,P,Herpes HPV and other STDs Photos
302,h,Herpes HPV and other STDs Photos
303,o,Herpes HPV and other STDs Photos
304,t,Herpes HPV and other STDs Photos
305,o,Herpes HPV and other STDs Photos
306,s,Herpes HPV and other STDs Photos
307,L,Light Diseases and Disorders of Pigmentation
308,i,Light Diseases and Disorders of Pigmentation
309,g,Light Diseases and Disorders of Pigmentation
310,h,Light Diseases and Disorders of Pigmentation
311,t,Light Diseases and Disorders of Pigmentation
312, ,Light Diseases and Disorders of Pigmentation
313,D,Light Diseases and Disorders of Pigmentation
314,i,Light Diseases and Disorders of Pigmentation
315,s,Light Diseases and Disorders of Pigmentation
316,e,Light Diseases and Disorders of Pigmentation
317,a,Light Diseases and Disorders of Pigmentation
318,s,Light Diseases and Disorders of Pigmentation
319,e,Light Diseases and Disorders of Pigmentation
320,s,Light Diseases and Disorders of Pigmentation
321, ,Light Diseases and Disorders of Pigmentation
322,a,Light Diseases and Disorders of Pigmentation
323,n,Light Diseases and Disorders of Pigmentation
324,d,Light Diseases and Disorders of Pigmentation
325, ,Light Diseases and Disorders of Pigmentation
326,D,Light Diseases and Disorders of Pigmentation
327,i,Light Diseases and Disorders of Pigmentation
328,s,Light Diseases and Disorders of Pigmentation
329,o,Light Diseases and Disorders of Pigmentation
330,r,Light Diseases and Disorders of Pigmentation
331,d,Light Diseases and Disorders of Pigmentation
332,e,Light Diseases and Disorders of Pigmentation
333,r,Light Diseases and Disorders of Pigmentation
334,s,Light Diseases and Disorders of Pigmentation
335, ,Light Diseases and Disorders of Pigmentation
336,o,Light Diseases and Disorders of Pigmentation
337,f,Light Diseases and Disorders of Pigmentation
338, ,Light Diseases and Disorders of Pigmentation
339,P,Light Diseases and Disorders of Pigmentation
340,i,Light Diseases and Disorders of Pigmentation
341,g,Light Diseases and Disorders of Pigmentation
342,m,Light Diseases and Disorders of Pigmentation
343,e,Light Diseases and Disorders of Pigmentation
344,n,Light Diseases and Disorders of Pigmentation
345,t,Light Diseases and Disorders of Pigmentation
346,a,Light Diseases and Disorders of Pigmentation
347,t,Light Diseases and Disorders of Pigmentation
348,i,Light Diseases and Disorders of Pigmentation
349,o,Light Diseases and Disorders of Pigmentation
350,n,Light Diseases and Disorders of Pigmentation
351,L,Lupus and other Connective Tissue diseases
352,u,Lupus and other Connective Tissue diseases
353,p,Lupus and other Connective Tissue diseases
354,u,Lupus and other Connective Tissue diseases
355,s,Lupus and other Connective Tissue diseases
356, ,Lupus and other Connective Tissue diseases
357,a,Lupus and other Connective Tissue diseases
358,n,Lupus and other Connective Tissue diseases
359,d,Lupus and other Connective Tissue diseases
360, ,Lupus and other Connective Tissue diseases
361,o,Lupus and other Connective Tissue diseases
362,t,Lupus and other Connective Tissue diseases
363,h,Lupus and other Connective Tissue diseases
364,e,Lupus and other Connective Tissue diseases
365,r,Lupus and other Connective Tissue diseases
366, ,Lupus and other Connective Tissue diseases
367,C,Lupus and other Connective Tissue diseases
368,o,Lupus and other Connective Tissue diseases
369,n,Lupus and other Connective Tissue diseases
370,n,Lupus and other Connective Tissue diseases
371,e,Lupus and other Connective Tissue diseases
372,c,Lupus and other Connective Tissue diseases
373,t,Lupus and other Connective Tissue diseases
374,i,Lupus and other Connective Tissue diseases
375,v,Lupus and other Connective Tissue diseases
376,e,Lupus and other Connective Tissue diseases
377, ,Lupus and other Connective Tissue diseases
378,T,Lupus and other Connective Tissue diseases
379,i,Lupus and other Connective Tissue diseases
380,s,Lupus and other Connective Tissue diseases
381,s,Lupus and other Connective Tissue diseases
382,u,Lupus and other Connective Tissue diseases
383,e,Lupus and other Connective Tissue diseases
384, ,Lupus and other Connective Tissue diseases
385,d,Lupus and other Connective Tissue diseases
386,i,Lupus and other Connective Tissue diseases
387,s,Lupus and other Connective Tissue diseases
388,e,Lupus and other Connective Tissue diseases
389,a,Lupus and other Connective Tissue diseases
390,s,Lupus and other Connective Tissue diseases
391,e,Lupus and other Connective Tissue diseases
392,s,Lupus and other Connective Tissue diseases
393,M,Melanoma Skin Cancer Nevi and Moles
394,e,Melanoma Skin Cancer Nevi and Moles
395,l,Melanoma Skin Cancer Nevi and Moles
396,a,Melanoma Skin Cancer Nevi and Moles
397,n,Melanoma Skin Cancer Nevi and Moles
398,o,Melanoma Skin Cancer Nevi and Moles
399,m,Melanoma Skin Cancer Nevi and Moles
400,a,Melanoma Skin Cancer Nevi and Moles
401, ,Melanoma Skin Cancer Nevi and Moles
402,S,Melanoma Skin Cancer Nevi and Moles
403,k,Melanoma Skin Cancer Nevi and Moles
404,i,Melanoma Skin Cancer Nevi and Moles
405,n,Melanoma Skin Cancer Nevi and Moles
406, ,Melanoma Skin Cancer Nevi and Moles
407,C,Melanoma Skin Cancer Nevi and Moles
408,a,Melanoma Skin Cancer Nevi and Moles
409,n,Melanoma Skin Cancer Nevi and Moles
410,c,Melanoma Skin Cancer Nevi and Moles
411,e,Melanoma Skin Cancer Nevi and Moles
412,r,Melanoma Skin Cancer Nevi and Moles
413, ,Melanoma Skin Cancer Nevi and Moles
414,N,Melanoma Skin Cancer Nevi and Moles
415,e,Melanoma Skin Cancer Nevi and Moles
416,v,Melanoma Skin Cancer Nevi and Moles
417,i,Melanoma Skin Cancer Nevi and Moles
418, ,Melanoma Skin Cancer Nevi and Moles
419,a,Melanoma Skin Cancer Nevi and Moles
420,n,Melanoma Skin Cancer Nevi and Moles
421,d,Melanoma Skin Cancer Nevi and Moles
422, ,Melanoma Skin Cancer Nevi and Moles
423,M,Melanoma Skin Cancer Nevi and Moles
424,o,Melanoma Skin Cancer Nevi and Moles
425,l,Melanoma Skin Cancer Nevi and Moles
426,e,Melanoma Skin Cancer Nevi and Moles
427,s,Melanoma Skin Cancer Nevi and Moles
428,N,Nail Fungus and other Nail Disease
429,a,Nail Fungus and other Nail Disease
430,i,Nail Fungus and other Nail Disease
431,l,Nail Fungus and other Nail Disease
432, ,Nail Fungus and other Nail Disease
433,F,Nail Fungus and other Nail Disease
434,u,Nail Fungus and other Nail Disease
435,n,Nail Fungus and other Nail Disease
436,g,Nail Fungus and other Nail Disease
437,u,Nail Fungus and other Nail Disease
438,s,Nail Fungus and other Nail Disease
439, ,Nail Fungus and other Nail Disease
440,a,Nail Fungus and other Nail Disease
441,n,Nail Fungus and other Nail Disease
442,d,Nail Fungus and other Nail Disease
443, ,Nail Fungus and other Nail Disease
444,o,Nail Fungus and other Nail Disease
445,t,Nail Fungus and other Nail Disease
446,h,Nail Fungus and other Nail Disease
447,e,Nail Fungus and other Nail Disease
448,r,Nail Fungus and other Nail Disease
449, ,Nail Fungus and other Nail Disease
450,N,Nail Fungus and other Nail Disease
451,a,Nail Fungus and other Nail Disease
452,i,Nail Fungus and other Nail Disease
453,l,Nail Fungus and other Nail Disease
454, ,Nail Fungus and other Nail Disease
455,D,Nail Fungus and other Nail Disease
456,i,Nail Fungus and other Nail Disease
457,s,Nail Fungus and other Nail Disease
458,e,Nail Fungus and other Nail Disease
459,a,Nail Fungus and other Nail Disease
460,s,Nail Fungus and other Nail Disease
461,e,Nail Fungus and other Nail Disease
462,P,Poison Ivy Photos and other Contact Dermatitis
463,o,Poison Ivy Photos and other Contact Dermatitis
464,i,Poison Ivy Photos and other Contact Dermatitis
465,s,Poison Ivy Photos and other Contact Dermatitis
466,o,Poison Ivy Photos and other Contact Dermatitis
467,n,Poison Ivy Photos and other Contact Dermatitis
468, ,Poison Ivy Photos and other Contact Dermatitis
469,I,Poison Ivy Photos and other Contact Dermatitis
470,v,Poison Ivy Photos and other Contact Dermatitis
471,y,Poison Ivy Photos and other Contact Dermatitis
472, ,Poison Ivy Photos and other Contact Dermatitis
473,P,Poison Ivy Photos and other Contact Dermatitis
474,h,Poison Ivy Photos and other Contact Dermatitis
475,o,Poison Ivy Photos and other Contact Dermatitis
476,t,Poison Ivy Photos and other Contact Dermatitis
477,o,Poison Ivy Photos and other Contact Dermatitis
478,s,Poison Ivy Photos and other Contact Dermatitis
479, ,Poison Ivy Photos and other Contact Dermatitis
480,a,Poison Ivy Photos and other Contact Dermatitis
481,n,Poison Ivy Photos and other Contact Dermatitis
482,d,Poison Ivy Photos and other Contact Dermatitis
483, ,Poison Ivy Photos and other Contact Dermatitis
484,o,Poison Ivy Photos and other Contact Dermatitis
485,t,Poison Ivy Photos and other Contact Dermatitis
486,h,Poison Ivy Photos and other Contact Dermatitis
487,e,Poison Ivy Photos and other Contact Dermatitis
488,r,Poison Ivy Photos and other Contact Dermatitis
489, ,Poison Ivy Photos and other Contact Dermatitis
490,C,Poison Ivy Photos and other Contact Dermatitis
491,o,Poison Ivy Photos and other Contact Dermatitis
492,n,Poison Ivy Photos and other Contact Dermatitis
493,t,Poison Ivy Photos and other Contact Dermatitis
494,a,Poison Ivy Photos and other Contact Dermatitis
495,c,Poison Ivy Photos and other Contact Dermatitis
496,t,Poison Ivy Photos and other Contact Dermatitis
497, ,Poison Ivy Photos and other Contact Dermatitis
498,D,Poison Ivy Photos and other Contact Dermatitis
499,e,Poison Ivy Photos and other Contact Dermatitis
500,r,Poison Ivy Photos and other Contact Dermatitis
501,m,Poison Ivy Photos and other Contact Dermatitis
502,a,Poison Ivy Photos and other Contact Dermatitis
503,t,Poison Ivy Photos and other Contact Dermatitis
504,i,Poison Ivy Photos and other Contact Dermatitis
505,t,Poison Ivy Photos and other Contact Dermatitis
506,i,Poison Ivy Photos and other Contact Dermatitis
507,s,Poison Ivy Photos and other Contact Dermatitis
508,P,Psoriasis pictures Lichen Planus and related diseases
509,s,Psoriasis pictures Lichen Planus and related diseases
510,o,Psoriasis pictures Lichen Planus and related diseases
511,r,Psoriasis pictures Lichen Planus and related diseases
512,i,Psoriasis pictures Lichen Planus and related diseases
513,a,Psoriasis pictures Lichen Planus and related diseases
514,s,Psoriasis pictures Lichen Planus and related diseases
515,i,Psoriasis pictures Lichen Planus and related diseases
516,s,Psoriasis pictures Lichen Planus and related diseases
517, ,Psoriasis pictures Lichen Planus and related diseases
518,p,Psoriasis pictures Lichen Planus and related diseases
519,i,Psoriasis pictures Lichen Planus and related diseases
520,c,Psoriasis pictures Lichen Planus and related diseases
521,t,Psoriasis pictures Lichen Planus and related diseases
522,u,Psoriasis pictures Lichen Planus and related diseases
523,r,Psoriasis pictures Lichen Planus and related diseases
524,e,Psoriasis pictures Lichen Planus and related diseases
525,s,Psoriasis pictures Lichen Planus and related diseases
526, ,Psoriasis pictures Lichen Planus and related diseases
527,L,Psoriasis pictures Lichen Planus and related diseases
528,i,Psoriasis pictures Lichen Planus and related diseases
529,c,Psoriasis pictures Lichen Planus and related diseases
530,h,Psoriasis pictures Lichen Planus and related diseases
531,e,Psoriasis pictures Lichen Planus and related diseases
532,n,Psoriasis pictures Lichen Planus and related diseases
533, ,Psoriasis pictures Lichen Planus and related diseases
534,P,Psoriasis pictures Lichen Planus and related diseases
535,l,Psoriasis pictures Lichen Planus and related diseases
536,a,Psoriasis pictures Lichen Planus and related diseases
537,n,Psoriasis pictures Lichen Planus and related diseases
538,u,Psoriasis pictures Lichen Planus and related diseases
539,s,Psoriasis pictures Lichen Planus and related diseases
540, ,Psoriasis pictures Lichen Planus and related diseases
541,a,Psoriasis pictures Lichen Planus and related diseases
542,n,Psoriasis pictures Lichen Planus and related diseases
543,d,Psoriasis pictures Lichen Planus and related diseases
544, ,Psoriasis pictures Lichen Planus and related diseases
545,r,Psoriasis pictures Lichen Planus and related diseases
546,e,Psoriasis pictures Lichen Planus and related diseases
547,l,Psoriasis pictures Lichen Planus and related diseases
548,a,Psoriasis pictures Lichen Planus and related diseases
549,t,Psoriasis pictures Lichen Planus and related diseases
550,e,Psoriasis pictures Lichen Planus and related diseases
551,d,Psoriasis pictures Lichen Planus and related diseases
552, ,Psoriasis pictures Lichen Planus and related diseases
553,d,Psoriasis pictures Lichen Planus and related diseases
554,i,Psoriasis pictures Lichen Planus and related diseases
555,s,Psoriasis pictures Lichen Planus and related diseases
556,e,Psoriasis pictures Lichen Planus and related diseases
557,a,Psoriasis pictures Lichen Planus and related diseases
558,s,Psoriasis pictures Lichen Planus and related diseases
559,e,Psoriasis pictures Lichen Planus and related diseases
560,s,Psoriasis pictures Lichen Planus and related diseases
561,S,Scabies Lyme Disease and other Infestations and Bites
562,c,Scabies Lyme Disease and other Infestations and Bites
563,a,Scabies Lyme Disease and other Infestations and Bites
564,b,Scabies Lyme Disease and other Infestations and Bites
565,i,Scabies Lyme Disease and other Infestations and Bites
566,e,Scabies Lyme Disease and other Infestations and Bites
567,s,Scabies Lyme Disease and other Infestations and Bites
568, ,Scabies Lyme Disease and other Infestations and Bites
569,L,Scabies Lyme Disease and other Infestations and Bites
570,y,Scabies Lyme Disease and other Infestations and Bites
571,m,Scabies Lyme Disease and other Infestations and Bites
572,e,Scabies Lyme Disease and other Infestations and Bites
573, ,Scabies Lyme Disease and other Infestations and Bites
574,D,Scabies Lyme Disease and other Infestations and Bites
575,i,Scabies Lyme Disease and other Infestations and Bites
576,s,Scabies Lyme Disease and other Infestations and Bites
577,e,Scabies Lyme Disease and other Infestations and Bites
578,a,Scabies Lyme Disease and other Infestations and Bites
579,s,Scabies Lyme Disease and other Infestations and Bites
580,e,Scabies Lyme Disease and other Infestations and Bites
581, ,Scabies Lyme Disease and other Infestations and Bites
582,a,Scabies Lyme Disease and other Infestations and Bites
583,n,Scabies Lyme Disease and other Infestations and Bites
584,d,Scabies Lyme Disease and other Infestations and Bites
585, ,Scabies Lyme Disease and other Infestations and Bites
586,o,Scabies Lyme Disease and other Infestations and Bites
587,t,Scabies Lyme Disease and other Infestations and Bites
588,h,Scabies Lyme Disease and other Infestations and Bites
589,e,Scabies Lyme Disease and other Infestations and Bites
590,r,Scabies Lyme Disease and other Infestations and Bites
591, ,Scabies Lyme Disease and other Infestations and Bites
592,I,Scabies Lyme Disease and other Infestations and Bites
593,n,Scabies Lyme Disease and other Infestations and Bites
594,f,Scabies Lyme Disease and other Infestations and Bites
595,e,Scabies Lyme Disease and other Infestations and Bites
596,s,Scabies Lyme Disease and other Infestations and Bites
597,t,Scabies Lyme Disease and other Infestations and Bites
598,a,Scabies Lyme Disease and other Infestations and Bites
599,t,Scabies Lyme Disease and other Infestations and Bites
600,i,Scabies Lyme Disease and other Infestations and Bites
601,o,Scabies Lyme Disease and other Infestations and Bites
602,n,Scabies Lyme Disease and other Infestations and Bites
603,s,Scabies Lyme Disease and other Infestations and Bites
604, ,Scabies Lyme Disease and other Infestations and Bites
605,a,Scabies Lyme Disease and other Infestations and Bites
606,n,Scabies Lyme Disease and other Infestations and Bites
607,d,Scabies Lyme Disease and other Infestations and Bites
608, ,Scabies Lyme Disease and other Infestations and Bites
609,B,Scabies Lyme Disease and other Infestations and Bites
610,i,Scabies Lyme Disease and other Infestations and Bites
611,t,Scabies Lyme Disease and other Infestations and Bites
612,e,Scabies Lyme Disease and other Infestations and Bites
613,s,Scabies Lyme Disease and other Infestations and Bites
614,S,Seborrheic Keratoses and other Benign Tumors
615,e,Seborrheic Keratoses and other Benign Tumors
616,b,Seborrheic Keratoses and other Benign Tumors
617,o,Seborrheic Keratoses and other Benign Tumors
618,r,Seborrheic Keratoses and other Benign Tumors
619,r,Seborrheic Keratoses and other Benign Tumors
620,h,Seborrheic Keratoses and other Benign Tumors
621,e,Seborrheic Keratoses and other Benign Tumors
622,i,Seborrheic Keratoses and other Benign Tumors
623,c,Seborrheic Keratoses and other Benign Tumors
624, ,Seborrheic Keratoses and other Benign Tumors
625,K,Seborrheic Keratoses and other Benign Tumors
626,e,Seborrheic Keratoses and other Benign Tumors
627,r,Seborrheic Keratoses and other Benign Tumors
628,a,Seborrheic Keratoses and other Benign Tumors
629,t,Seborrheic Keratoses and other Benign Tumors
630,o,Seborrheic Keratoses and other Benign Tumors
631,s,Seborrheic Keratoses and other Benign Tumors
632,e,Seborrheic Keratoses and other Benign Tumors
633,s,Seborrheic Keratoses and other Benign Tumors
634, ,Seborrheic Keratoses and other Benign Tumors
635,a,Seborrheic Keratoses and other Benign Tumors
636,n,Seborrheic Keratoses and other Benign Tumors
637,d,Seborrheic Keratoses and other Benign Tumors
638, ,Seborrheic Keratoses and other Benign Tumors
639,o,Seborrheic Keratoses and other Benign Tumors
640,t,Seborrheic Keratoses and other Benign Tumors
641,h,Seborrheic Keratoses and other Benign Tumors
642,e,Seborrheic Keratoses and other Benign Tumors
643,r,Seborrheic Keratoses and other Benign Tumors
644, ,Seborrheic Keratoses and other Benign Tumors
645,B,Seborrheic Keratoses and other Benign Tumors
646,e,Seborrheic Keratoses and other Benign Tumors
647,n,Seborrheic Keratoses and other Benign Tumors
648,i,Seborrheic Keratoses and other Benign Tumors
649,g,Seborrheic Keratoses and other Benign Tumors
650,n,Seborrheic Keratoses and other Benign Tumors
651, ,Seborrheic Keratoses and other Benign Tumors
652,T,Seborrheic Keratoses and other Benign Tumors
653,u,Seborrheic Keratoses and other Benign Tumors
654,m,Seborrheic Keratoses and other Benign Tumors
655,o,Seborrheic Keratoses and other Benign Tumors
656,r,Seborrheic Keratoses and other Benign Tumors
657,s,Seborrheic Keratoses and other Benign Tumors
658,S,Systemic Disease
659,y,Systemic Disease
660,s,Systemic Disease
661,t,Systemic Disease
662,e,Systemic Disease
663,m,Systemic Disease
664,i,Systemic Disease
665,c,Systemic Disease
666, ,Systemic Disease
667,D,Systemic Disease
668,i,Systemic Disease
669,s,Systemic Disease
670,e,Systemic Disease
671,a,Systemic Disease
672,s,Systemic Disease
673,e,Systemic Disease
674,T,Tinea Ringworm Candidiasis and other Fungal Infections
675,i,Tinea Ringworm Candidiasis and other Fungal Infections
676,n,Tinea Ringworm Candidiasis and other Fungal Infections
677,e,Tinea Ringworm Candidiasis and other Fungal Infections
678,a,Tinea Ringworm Candidiasis and other Fungal Infections
679, ,Tinea Ringworm Candidiasis and other Fungal Infections
680,R,Tinea Ringworm Candidiasis and other Fungal Infections
681,i,Tinea Ringworm Candidiasis and other Fungal Infections
682,n,Tinea Ringworm Candidiasis and other Fungal Infections
683,g,Tinea Ringworm Candidiasis and other Fungal Infections
684,w,Tinea Ringworm Candidiasis and other Fungal Infections
685,o,Tinea Ringworm Candidiasis and other Fungal Infections
686,r,Tinea Ringworm Candidiasis and other Fungal Infections
687,m,Tinea Ringworm Candidiasis and other Fungal Infections
688, ,Tinea Ringworm Candidiasis and other Fungal Infections
689,C,Tinea Ringworm Candidiasis and other Fungal Infections
690,a,Tinea Ringworm Candidiasis and other Fungal Infections
691,n,Tinea Ringworm Candidiasis and other Fungal Infections
692,d,Tinea Ringworm Candidiasis and other Fungal Infections
693,i,Tinea Ringworm Candidiasis and other Fungal Infections
694,d,Tinea Ringworm Candidiasis and other Fungal Infections
695,i,Tinea Ringworm Candidiasis and other Fungal Infections
696,a,Tinea Ringworm Candidiasis and other Fungal Infections
697,s,Tinea Ringworm Candidiasis and other Fungal Infections
698,i,Tinea Ringworm Candidiasis and other Fungal Infections
699,s,Tinea Ringworm Candidiasis and other Fungal Infections
700, ,Tinea Ringworm Candidiasis and other Fungal Infections
701,a,Tinea Ringworm Candidiasis and other Fungal Infections
702,n,Tinea Ringworm Candidiasis and other Fungal Infections
703,d,Tinea Ringworm Candidiasis and other Fungal Infections
704, ,Tinea Ringworm Candidiasis and other Fungal Infections
705,o,Tinea Ringworm Candidiasis and other Fungal Infections
706,t,Tinea Ringworm Candidiasis and other Fungal Infections
707,h,Tinea Ringworm Candidiasis and other Fungal Infections
708,e,Tinea Ringworm Candidiasis and other Fungal Infections
709,r,Tinea Ringworm Candidiasis and other Fungal Infections
710, ,Tinea Ringworm Candidiasis and other Fungal Infections
711,F,Tinea Ringworm Candidiasis and other Fungal Infections
712,u,Tinea Ringworm Candidiasis and other Fungal Infections
713,n,Tinea Ringworm Candidiasis and other Fungal Infections
714,g,Tinea Ringworm Candidiasis and other Fungal Infections
715,a,Tinea Ringworm Candidiasis and other Fungal Infections
716,l,Tinea Ringworm Candidiasis and other Fungal Infections
717, ,Tinea Ringworm Candidiasis and other Fungal Infections
718,I,Tinea Ringworm Candidiasis and other Fungal Infections
719,n,Tinea Ringworm Candidiasis and other Fungal Infections
720,f,Tinea Ringworm Candidiasis and other Fungal Infections
721,e,Tinea Ringworm Candidiasis and other Fungal Infections
722,c,Tinea Ringworm Candidiasis and other Fungal Infections
723,t,Tinea Ringworm Candidiasis and other Fungal Infections
724,i,Tinea Ringworm Candidiasis and other Fungal Infections
725,o,Tinea Ringworm Candidiasis and other Fungal Infections
726,n,Tinea Ringworm Candidiasis and other Fungal Infections
727,s,Tinea Ringworm Candidiasis and other Fungal Infections
728,U,Urticaria Hives
729,r,Urticaria Hives
730,t,Urticaria Hives
731,i,Urticaria Hives
732,c,Urticaria Hives
733,a,Urticaria Hives
734,r,Urticaria Hives
735,i,Urticaria Hives
736,a,Urticaria Hives
737, ,Urticaria Hives
738,H,Urticaria Hives
739,i,Urticaria Hives
740,v,Urticaria Hives
741,e,Urticaria Hives
742,s,Urticaria Hives
743,V,Vascular Tumors
744,a,Vascular Tumors
745,s,Vascular Tumors
746,c,Vascular Tumors
747,u,Vascular Tumors
748,l,Vascular Tumors
749,a,Vascular Tumors
750,r,Vascular Tumors
751, ,Vascular Tumors
752,T,Vascular Tumors
753,u,Vascular Tumors
754,m,Vascular Tumors
755,o,Vascular Tumors
756,r,Vascular Tumors
757,s,Vascular Tumors
758,V,Vasculitis Photos
759,a,Vasculitis Photos
760,s,Vasculitis Photos
761,c,Vasculitis Photos
762,u,Vasculitis Photos
763,l,Vasculitis Photos
764,i,Vasculitis Photos
765,t,Vasculitis Photos
766,i,Vasculitis Photos
767,s,Vasculitis Photos
768, ,Vasculitis Photos
769,P,Vasculitis Photos
770,h,Vasculitis Photos
771,o,Vasculitis Photos
772,t,Vasculitis Photos
773,o,Vasculitis Photos
774,s,Vasculitis Photos
775,W,Warts Molluscum and other Viral Infections
776,a,Warts Molluscum and other Viral Infections
777,r,Warts Molluscum and other Viral Infections
778,t,Warts Molluscum and other Viral Infections
779,s,Warts Molluscum and other Viral Infections
780, ,Warts Molluscum and other Viral Infections
781,M,Warts Molluscum and other Viral Infections
782,o,Warts Molluscum and other Viral Infections
783,l,Warts Molluscum and other Viral Infections
784,l,Warts Molluscum and other Viral Infections
785,u,Warts Molluscum and other Viral Infections
786,s,Warts Molluscum and other Viral Infections
787,c,Warts Molluscum and other Viral Infections
788,u,Warts Molluscum and other Viral Infections
789,m,Warts Molluscum and other Viral Infections
790, ,Warts Molluscum and other Viral Infections
791,a,Warts Molluscum and other Viral Infections
792,n,Warts Molluscum and other Viral Infections
793,d,Warts Molluscum and other Viral Infections
794, ,Warts Molluscum and other Viral Infections
795,o,Warts Molluscum and other Viral Infections
796,t,Warts Molluscum and other Viral Infections
797,h,Warts Molluscum and other Viral Infections
798,e,Warts Molluscum and other Viral Infections
799,r,Warts Molluscum and other Viral Infections
800, ,Warts Molluscum and other Viral Infections
801,V,Warts Molluscum and other Viral Infections
802,i,Warts Molluscum and other Viral Infections
803,r,Warts Molluscum and other Viral Infections
804,a,Warts Molluscum and other Viral Infections
805,l,Warts Molluscum and other Viral Infections
806, ,Warts Molluscum and other Viral Infections
807,I,Warts Molluscum and other Viral Infections
808,n,Warts Molluscum and other Viral Infections
809,f,Warts Molluscum and other Viral Infections
810,e,Warts Molluscum and other Viral Infections
811,c,Warts Molluscum and other Viral Infections
812,t,Warts Molluscum and other Viral Infections
813,i,Warts Molluscum and other Viral Infections
814,o,Warts Molluscum and other Viral Infections
815,n,Warts Molluscum and other Viral Infections
816,s,Warts Molluscum and other Viral Infections
